Player Name,Number,Team
Saddiq Bey,41,ATL
Bogdan Bogdanović,13,ATL
Kobe Bufkin,4,ATL
Clint Capela,15,ATL
Bruno Fernando,24,ATL
Trent Forrest,2,ATL
AJ Griffin,14,ATL
Mouhamed Gueye,18,ATL
De'Andre Hunter,12,ATL
Jalen Johnson,1,ATL
Vit Krejci,27,ATL
Seth Lundy,3,ATL
Garrison Mathews,25,ATL
Wesley Matthews,32,ATL
Patty Mills,8,ATL
Dejounte Murray,5,ATL
Onyeka Okongwu,17,ATL
Dylan Windler,20,ATL
Trae Young,11,ATL
Dalano Banton,45,BOS
Oshae Brissett,12,BOS
Jaylen Brown,7,BOS
JD Davison,20,BOS
Sam Hauser,30,BOS
Jrue Holiday,4,BOS
Al Horford,42,BOS
Luke Kornet,40,BOS
Svi Mykhailiuk,50,BOS
Drew Peterson,13,BOS
Kristaps Porziņģis,8,BOS
Payton Pritchard,11,BOS
Neemias Queta,88,BOS
Jaden Springer,44,BOS
Lamar Stevens,77,BOS
Jayson Tatum,0,BOS
Xavier Tillman Sr.,26,BOS
Jordan Walsh,27,BOS
Derrick White,9,BOS
Keita Bates-Diop,13,BRK
Mikal Bridges,1,BRK
Armoni Brooks,13,BRK
Nic Claxton,33,BRK
Noah Clowney,21,BRK
Spencer Dinwiddie,26,BRK
Dorian Finney-Smith,28,BRK
Harry Giles,14,BRK
Jacob Gilyard,14,BRK
Cameron Johnson,2,BRK
Keon Johnson,45,BRK
Dariq Whitehead,0,BRK
Royce O'Neale,00,BRK
Dennis Schröder,17,BRK
Day'Ron Sharpe,20,BRK
Ben Simmons,10,BRK
Dennis Smith Jr.,4,BRK
Cam Thomas,24,BRK
Lonnie Walker IV,8,BRK
Trendon Watford,9,BRK
Jalen Wilson,22,BRK
Amari Bailey,10,CHO
LaMelo Ball,1,CHO
Dāvis Bertāns,9,CHO
Leaky Black,12,CHO
Marques Bolden,3,CHO
James Bouknight,2,CHO
Miles Bridges,0,CHO
Seth Curry,30,CHO
Gordon Hayward,20,CHO
Théo Maledon,9,CHO
Tre Mann,23,CHO
Cody Martin,11,CHO
Bryce McGowens,7,CHO
Nathan Mensah,31,CHO
Vasilije Micić,22,CHO
Brandon Miller,24,CHO
Frank Ntilikina,44,CHO
Aleksej Pokusevski,17,CHO
Nick Richards,4,CHO
Terry Rozier,3,CHO
Ish Smith,14,CHO
Nick Smith Jr.,8,CHO
JT Thor,21,CHO
P.J. Washington,25,CHO
Grant Williams,2,CHO
Mark Williams,5,CHO
Onuralp Bitim,17,CHI
Jevon Carter,5,CHI
Alex Caruso,6,CHI
Torrey Craig,13,CHI
DeMar DeRozan,11,CHI
Ayo Dosunmu,12,CHI
Henri Drell,77,CHI
Andre Drummond,3,CHI
Andrew Funk,30,CHI
Javonte Green,24,CHI
Zach LaVine,8,CHI
Julian Phillips,15,CHI
Adama Sanogo,21,CHI
Terry Taylor,32,CHI
Dalen Terry,25,CHI
Nikola Vučević,9,CHI
Coby White,0,CHI
Patrick Williams,44,CHI
Jarrett Allen,31,CLE
Emoni Bates,21,CLE
Darius Garland,10,CLE
Ty Jerome,2,CLE
Damian Jones,30,CLE
Caris LeVert,3,CLE
Sam Merrill,5,CLE
Donovan Mitchell,45,CLE
Evan Mobley,4,CLE
Isaiah Mobley,15,CLE
Marcus Morris,24,CLE
Pete Nance,8,CLE
Georges Niang,20,CLE
Isaac Okoro,35,CLE
Craig Porter Jr.,9,CLE
Max Strus,1,CLE
Tristan Thompson,"12, 13",CLE
Dean Wade,32,CLE
Greg Brown III,13,DAL
Seth Curry,30,DAL
Dexter Dennis,17,DAL
Luka Dončić,77,DAL
Dante Exum,0,DAL
Alex Fudge,3,DAL
Daniel Gafford,21,DAL
Josh Green,8,DAL
Tim Hardaway Jr.,10,DAL
Jaden Hardy,1,DAL
Richaun Holmes,20,DAL
Kyrie Irving,11,DAL
Derrick Jones Jr.,55,DAL
Maxi Kleber,42,DAL
A.J. Lawson,9,DAL
Dereck Lively II,2,DAL
Markieff Morris,88,DAL
Dwight Powell,7,DAL
Olivier-Maxence Prosper,18,DAL
P.J. Washington,25,DAL
Brandon Williams,00,DAL
Grant Williams,3,DAL
Christian Braun,0,DEN
Kentavious Caldwell-Pope,5,DEN
Collin Gillespie,21,DEN
Aaron Gordon,50,DEN
Justin Holiday,9,DEN
Jay Huff,30,DEN
Reggie Jackson,7,DEN
Nikola Jokić,15,DEN
DeAndre Jordan,6,DEN
Braxton Key,11,DEN
Jamal Murray,27,DEN
Zeke Nnaji,22,DEN
Jalen Pickett,24,DEN
Michael Porter Jr.,1,DEN
Julian Strawther,3,DEN
Hunter Tyson,4,DEN
Peyton Watson,8,DEN
Marvin Bagley III,35,DET
Buddy Boeheim,35,DET
Bojan Bogdanović,44,DET
Troy Brown Jr.,7,DET
Alec Burks,14,DET
Malcolm Cazalon,20,DET
Cade Cunningham,2,DET
Jalen Duren,0,DET
Tosan Evbuomwan,18,DET
Malachi Flynn,14,DET
Simone Fontecchio,19,DET
Evan Fournier,31,DET
Danilo Gallinari,12,DET
Taj Gibson,67,DET
Quentin Grimes,24,DET
Joe Harris,31,DET
Killian Hayes,7,DET
Jaden Ivey,23,DET
Kevin Knox,24,DET
Isaiah Livers,12,DET
Chimezie Metu,5,DET
Shake Milton,5,DET
Monte Morris,5,DET
Mike Muscala,41,DET
Jaylen Nowell,20,DET
Jared Rhoden,8,DET
Marcus Sasser,25,DET
Isaiah Stewart,28,DET
Ausar Thompson,9,DET
Stanley Umude,17,DET
James Wiseman,13,DET
Stephen Curry,30,GSW
Usman Garuba,12,GSW
Draymond Green,23,GSW
Trayce Jackson-Davis,32,GSW
Cory Joseph,1,GSW
Jonathan Kuminga,00,GSW
Kevon Looney,5,GSW
Moses Moody,4,GSW
Chris Paul,3,GSW
Gary Payton II,0,GSW
Brandin Podziemski,2,GSW
Lester Quiñones,25,GSW
Jerome Robinson,18,GSW
Gui Santos,15,GSW
Dario Šarić,20,GSW
Pat Spencer,61,GSW
Klay Thompson,11,GSW
Andrew Wiggins,22,GSW
Dillon Brooks,9,HOU
Reggie Bullock,25,HOU
Tari Eason,17,HOU
Jalen Green,4,HOU
Jeff Green,32,HOU
Nate Hinton,14,HOU
Aaron Holiday,0,HOU
Jock Landale,2,HOU
Boban Marjanović,51,HOU
Jermaine Samuels,00,HOU
Alperen Şengün,28,HOU
Jabari Smith Jr.,10,HOU
Jae'Sean Tate,8,HOU
Amen Thompson,1,HOU
Fred VanVleet,5,HOU
Cam Whitmore,7,HOU
Jeenathan Williams,19,HOU
Bruce Brown,11,IND
Kendall Brown,10,IND
Tyrese Haliburton,0,IND
Buddy Hield,7,IND
Isaiah Jackson,22,IND
Quenton Jackson,29,IND
James Johnson,16,IND
Bennedict Mathurin,00,IND
T.J. McConnell,9,IND
Doug McDermott,20,IND
Andrew Nembhard,2,IND
Aaron Nesmith,23,IND
Jordan Nwora,13,IND
Ben Sheppard,26,IND
Pascal Siakam,43,IND
Jalen Smith,25,IND
Daniel Theis,27,IND
Obi Toppin,1,IND
Oscar Tshiebwe,44,IND
Myles Turner,33,IND
Jarace Walker,5,IND
Isaiah Wong,21,IND
Nicolas Batum,33,LAC
Brandon Boston Jr.,4,LAC
Kobe Brown,21,LAC
Amir Coffey,7,LAC
Robert Covington,23,LAC
Moussa Diabaté,25,LAC
Paul George,13,LAC
James Harden,1,LAC
Bones Hyland,5,LAC
Kawhi Leonard,2,LAC
Terance Mann,14,LAC
KJ Martin,6,LAC
Jordan Miller,11,LAC
Xavier Moon,22,LAC
Mason Plumlee,44,LAC
Norman Powell,24,LAC
Joshua Primo,12,LAC
Daniel Theis,10,LAC
P.J. Tucker,17,LAC
Russell Westbrook,0,LAC
Ivica Zubac,40,LAC
Colin Castleton,14,LAL
Max Christie,10,LAL
Anthony Davis,3,LAL
Spencer Dinwiddie,26,LAL
Alex Fudge,17,LAL
Harry Giles,20,LAL
Rui Hachimura,28,LAL
Jaxson Hayes,11,LAL
D'Moi Hodge,55,LAL
Jalen Hood-Schifino,0,LAL
LeBron James,23,LAL
Maxwell Lewis,21,LAL
Skylar Mays,4,LAL
Taurean Prince,12,LAL
Austin Reaves,15,LAL
Cam Reddish,5,LAL
D'Angelo Russell,1,LAL
Jarred Vanderbilt,2,LAL
Gabe Vincent,7,LAL
Dylan Windler,20,LAL
Christian Wood,35,LAL
Santi Aldama,7,MEM
Timmy Allen,0,MEM
Desmond Bane,22,MEM
Bismack Biyombo,18,MEM
Brandon Clarke,15,MEM
Tosan Evbuomwan,18,MEM
Wenyen Gabriel,32,MEM
Jacob Gilyard,0,MEM
Jordan Goodwin,4,MEM
Shaquille Harrison,1,MEM
Matthew Hurt,20,MEM
GG Jackson II,45,MEM
Jaren Jackson Jr.,13,MEM
DeJon Jarreau,77,MEM
Trey Jemison,55,MEM
Luke Kennard,10,MEM
John Konchar,46,MEM
Jake LaRavia,3,MEM
Kenneth Lofton Jr.,6,MEM
Ja Morant,12,MEM
Jaylen Nowell,24,MEM
Mãozinha Pereira,25,MEM
Scotty Pippen Jr.,1,MEM
David Roddy,21,MEM
Derrick Rose,23,MEM
Zavier Simpson,2,MEM
Marcus Smart,36,MEM
Lamar Stevens,24,MEM
Xavier Tillman Sr.,2,MEM
Yuta Watanabe,18,MEM
Jack White,14,MEM
Vince Williams Jr.,5,MEM
Ziaire Williams,8,MEM
Bam Adebayo,13,MIA
Thomas Bryant,31,MIA
Jimmy Butler,22,MIA
Jamal Cain,8,MIA
R.J. Hampton,4,MIA
Tyler Herro,14,MIA
Haywood Highsmith,24,MIA
Jaime Jaquez Jr.,11,MIA
Nikola Jović,5,MIA
Kevin Love,42,MIA
Kyle Lowry,7,MIA
Caleb Martin,16,MIA
Patty Mills,88,MIA
Josh Richardson,0,MIA
Duncan Robinson,55,MIA
Orlando Robinson,25,MIA
Terry Rozier,2,MIA
Dru Smith,9,MIA
Cole Swider,21,MIA
Alondes Williams,15,MIA
Delon Wright,4,MIA
Giannis Antetokounmpo,34,MIL
Thanasis Antetokounmpo,43,MIL
Malik Beasley,5,MIL
MarJon Beauchamp,3,MIL
Patrick Beverley,21,MIL
Marques Bolden,12,MIL
Pat Connaughton,24,MIL
Jae Crowder,99,MIL
Danilo Gallinari,12,MIL
A.J. Green,20,MIL
Andre Jackson Jr.,44,MIL
Damian Lillard,0,MIL
Chris Livingston,7,MIL
Brook Lopez,11,MIL
Robin Lopez,42,MIL
Khris Middleton,22,MIL
Cameron Payne,15,MIL
Bobby Portis,9,MIL
Ryan Rollins,55,MIL
TyTy Washington Jr.,23,MIL
Lindell Wigginton,28,MIL
Nickeil Alexander-Walker,9,MIN
Kyle Anderson,1,MIN
Troy Brown Jr.,23,MIN
Mike Conley,10,MIN
Anthony Edwards,5,MIN
Luka Garza,55,MIN
Rudy Gobert,27,MIN
Justin Jackson,44,MIN
Jaden McDaniels,3,MIN
Jordan McLaughlin,6,MIN
Leonard Miller,33,MIN
Shake Milton,18,MIN
Josh Minott,8,MIN
Wendell Moore Jr.,7,MIN
Monte Morris,23,MIN
Daishen Nix,12,MIN
Naz Reid,11,MIN
Karl-Anthony Towns,32,MIN
T.J. Warren,24,MIN
Jose Alvarado,15,NOP
Izaiah Brockington,21,NOP
Jalen Crutcher,10,NOP
Dyson Daniels,11,NOP
Kaiser Gates,12,NOP
Jordan Hawkins,24,NOP
Brandon Ingram,14,NOP
Herbert Jones,5,NOP
Kira Lewis Jr.,13,NOP
E.J. Liddell,32,NOP
Naji Marshall,8,NOP
CJ McCollum,3,NOP
Trey Murphy III,25,NOP
Larry Nance Jr.,22,NOP
Jeremiah Robinson-Earl,50,NOP
Matt Ryan,37,NOP
Dereon Seabron,0,NOP
Jonas Valančiūnas,17,NOP
Zion Williamson,1,NOP
Cody Zeller,40,NOP
Precious Achiuwa,5,NYK
OG Anunoby,8,NYK
Ryan Arcidiacono,51,NYK
RJ Barrett,9,NYK
Bojan Bogdanović,44,NYK
Charlie Brown Jr.,"4, 44",NYK
Jalen Brunson,11,NYK
Alec Burks,18,NYK
Mamadi Diakite,25,NYK
Donte DiVincenzo,0,NYK
Malachi Flynn,4,NYK
Evan Fournier,13,NYK
Taj Gibson,67,NYK
Quentin Grimes,6,NYK
Josh Hart,3,NYK
Isaiah Hartenstein,55,NYK
DaQuan Jeffries,"8, 21",NYK
Miles McBride,2,NYK
Shake Milton,13,NYK
Immanuel Quickley,5,NYK
Julius Randle,30,NYK
Mitchell Robinson,23,NYK
Jericho Sims,45,NYK
Dmytro Skapintsev,14,NYK
Jacob Toppin,00,NYK
Dylan Windler,20,NYK
Dāvis Bertāns,9,OKC
Bismack Biyombo,15,OKC
Ousmane Dieng,13,OKC
Luguentz Dort,5,OKC
Adam Flagler,14,OKC
Josh Giddey,3,OKC
Shai Gilgeous-Alexander,2,OKC
Gordon Hayward,33,OKC
Chet Holmgren,7,OKC
Isaiah Joe,11,OKC
Keyontae Johnson,18,OKC
Tre Mann,23,OKC
Vasilije Micić,29,OKC
Mike Muscala,50,OKC
Aleksej Pokusevski,17,OKC
Olivier Sarr,30,OKC
Cason Wallace,22,OKC
Lindy Waters III,12,OKC
Aaron Wiggins,21,OKC
Jalen Williams,8,OKC
Jaylin Williams,6,OKC
Kenrich Williams,34,OKC
Cole Anthony,50,ORL
Paolo Banchero,5,ORL
Goga Bitadze,35,ORL
Anthony Black,0,ORL
Wendell Carter Jr.,34,ORL
Markelle Fultz,20,ORL
Gary Harris,14,ORL
Kevon Harris,8,ORL
Caleb Houstan,2,ORL
Jett Howard,13,ORL
Joe Ingles,7,ORL
Jonathan Isaac,1,ORL
Chuma Okeke,3,ORL
Trevelin Queen,12,ORL
Admiral Schofield,25,ORL
Jalen Suggs,4,ORL
Franz Wagner,22,ORL
Moritz Wagner,21,ORL
Mo Bamba,"5, 7",PHI
Nicolas Batum,40,PHI
Darius Bazley,25,PHI
Patrick Beverley,22,PHI
Ricky Council IV,16,PHI
Robert Covington,33,PHI
Jeff Dowtin Jr.,11,PHI
Joel Embiid,21,PHI
Danny Green,14,PHI
Tobias Harris,12,PHI
Buddy Hield,17,PHI
Danuel House Jr.,25,PHI
Furkan Korkmaz,30,PHI
Kenneth Lofton Jr.,35,PHI
Kyle Lowry,7,PHI
KJ Martin,1,PHI
Tyrese Maxey,0,PHI
De'Anthony Melton,8,PHI
Marcus Morris,5,PHI
Kelly Oubre Jr.,9,PHI
Cameron Payne,22,PHI
Filip Petrušev,33,PHI
Paul Reed,44,PHI
Javonte Smart,39,PHI
Terquavion Smith,23,PHI
Jaden Springer,11,PHI
P.J. Tucker,17,PHI
D.J. Wilson,20,PHI
Grayson Allen,8,PHO
Udoka Azubuike,27,PHO
Keita Bates-Diop,21,PHO
Bradley Beal,3,PHO
Bol Bol,11,PHO
Devin Booker,1,PHO
Kevin Durant,35,PHO
Drew Eubanks,14,PHO
Jordan Goodwin,0,PHO
Eric Gordon,23,PHO
Saben Lee,38,PHO
Nassir Little,25,PHO
Théo Maledon,12,PHO
Chimezie Metu,4,PHO
Jusuf Nurkić,20,PHO
Royce O'Neale,00,PHO
Josh Okogie,2,PHO
David Roddy,21,PHO
Isaiah Thomas,4,PHO
Ish Wainright,12,PHO
Yuta Watanabe,18,PHO
Thaddeus Young,30,PHO
Deandre Ayton,2,POR
Ibou Badji,41,POR
Dalano Banton,5,POR
Jamaree Bouyea,21,POR
Malcolm Brogdon,11,POR
Moses Brown,10,POR
Toumani Camara,33,POR
Jerami Grant,9,POR
Ashton Hagans,19,POR
Scoot Henderson,00,POR
Skylar Mays,5,POR
Justin Minaya,24,POR
Taze Moore,76,POR
Kris Murray,8,POR
Duop Reath,26,POR
Rayan Rupert,72,POR
Shaedon Sharpe,17,POR
Anfernee Simons,1,POR
Matisse Thybulle,4,POR
Ish Wainright,23,POR
Jabari Walker,34,POR
Robert Williams,35,POR
Harrison Barnes,40,SAC
Chris Duarte,3,SAC
Kessler Edwards,17,SAC
Keon Ellis,23,SAC
Jordan Ford,31,SAC
De'Aaron Fox,5,SAC
Kevin Huerter,9,SAC
Colby Jones,20,SAC
Mason Jones,8,SAC
Alex Len,25,SAC
Trey Lyles,41,SAC
JaVale McGee,00,SAC
Davion Mitchell,15,SAC
Malik Monk,0,SAC
Keegan Murray,13,SAC
Filip Petrušev,33,SAC
Domantas Sabonis,10,SAC
Jalen Slawson,18,SAC
Juan Toscano-Anderson,95,SAC
Sasha Vezenkov,7,SAC
Dominick Barlow,26,SAS
Charles Bassey,28,SAS
Jamaree Bouyea,15,SAS
Malaki Branham,22,SAS
Julian Champagnie,30,SAS
Sidy Cissoko,25,SAS
Zach Collins,23,SAS
Mamadi Diakite,29,SAS
David Duke Jr.,7,SAS
Devonte' Graham,4,SAS
RaiQuan Gray,41,SAS
Keldon Johnson,3,SAS
Tre Jones,33,SAS
Sandro Mamukelashvili,54,SAS
Doug McDermott,17,SAS
Cedi Osman,16,SAS
Jeremy Sochan,10,SAS
Devin Vassell,24,SAS
Victor Wembanyama,1,SAS
Blake Wesley,14,SAS
Precious Achiuwa,5,TOR
Ochai Agbaji,30,TOR
OG Anunoby,3,TOR
Scottie Barnes,4,TOR
RJ Barrett,9,TOR
Chris Boucher,25,TOR
Bruce Brown,11,TOR
D.J. Carton,3,TOR
Gradey Dick,1,TOR
Malachi Flynn,22,TOR
Javon Freeman-Liberty,0,TOR
Mouhamadou Gueye,16,TOR
Ron Harper Jr.,8,TOR
Kira Lewis Jr.,3,TOR
Jalen McDaniels,2,TOR
Markquis Nowell,24,TOR
Jordan Nwora,13,TOR
Kelly Olynyk,41,TOR
Jakob Poeltl,19,TOR
Jontay Porter,"11, 34",TOR
Otto Porter Jr.,32,TOR
Immanuel Quickley,5,TOR
Jahmi'us Ramsey,37,TOR
Dennis Schröder,17,TOR
Pascal Siakam,43,TOR
Kobi Simmons,8,TOR
Garrett Temple,"14, 17",TOR
Gary Trent Jr.,33,TOR
Malik Williams,35,TOR
Thaddeus Young,21,TOR
Ochai Agbaji,30,UTA
Darius Bazley,21,UTA
Jordan Clarkson,00,UTA
John Collins,20,UTA
Kris Dunn,11,UTA
Simone Fontecchio,16,UTA
Keyonte George,3,UTA
Taylor Hendricks,0,UTA
Talen Horton-Tucker,5,UTA
Johnny Juzang,33,UTA
Walker Kessler,24,UTA
Kira Lewis Jr.,13,UTA
Kenneth Lofton Jr.,34,UTA
Lauri Markkanen,23,UTA
Kelly Olynyk,41,UTA
Micah Potter,25,UTA
Jason Preston,10,UTA
Luka Šamanić,19,UTA
Brice Sensabaugh,8,UTA
Collin Sexton,2,UTA
Omer Yurtseven,77,UTA
Deni Avdija,8,WAS
Marvin Bagley III,35,WAS
Patrick Baldwin Jr.,7,WAS
Jules Bernard,14,WAS
Jared Butler,4,WAS
Justin Champagnie,9,WAS
Bilal Coulibaly,0,WAS
Johnny Davis,1,WAS
Hamidou Diallo,9,WAS
Daniel Gafford,21,WAS
Danilo Gallinari,88,WAS
Anthony Gill,16,WAS
Richaun Holmes,22,WAS
Trey Jemison,50,WAS
Tyus Jones,5,WAS
Corey Kispert,24,WAS
Kyle Kuzma,33,WAS
Mike Muscala,35,WAS
Eugene Omoruyi,97,WAS
Jordan Poole,13,WAS
Ryan Rollins,9,WAS
Landry Shamet,20,WAS
Tristan Vukcevic,00,WAS
Delon Wright,55,WAS
